model,train_accuracy,test_accuracy
Null,0.5003780634256995,0.5003335557038026
naive_bayes,0.9326157541253391,0.8889926617745163
decision_tree,0.9997776097495886,0.8252168112074717
random_forest,0.9997776097495886,0.8695130086724483
logistic_regression,0.9997776097495886,0.8461641094062708
